,,,,,,,,,,,,,,,
,,,,,,,,,,,,,,,
All Activity Types,,,,,,,,,,,,,,,
,,,,,,,,,,,,,,,
Account Activity for All Accounts from Last 30 Days,,,,,,,,,,,,,,,
,,,,,,,,,,,,,,,
Activity Date,Transaction Date,Account,Institution Name,Activity,Check Number,Card Number,Description,Symbol,Cusip,Category,Memo,Tags,Quantity,Price($),Amount($)
06/01/2026,06/01/2026,ADV PLUS BANKING - 6966,Bank of America,Withdrawal,,,KEEP THE CHANGE TRANSFER TO ACCT 2603 FOR 06/01/26,,,Savings,,,0,0,-2.18
06/01/2026,06/01/2026,ADV PLUS BANKING - 6966,Bank of America,Funds Paid,,,"DOLLAR GENERAL  06/01 #XXXXX2082 PURCHASE                   
DG XXXXX12914 CUB  CUB RUN    
   KY ",,,General Merchandise,,,0,0,-6
06/01/2026,06/01/2026,ADV PLUS BANKING - 6966,Bank of America,Funds Paid,,,"MARATHON X0816  06/01 #XXXXX0948 MOBILE PURCHASE            
MARATHON XX8167    CLARKSON   
   KY ",,,Gasoline/Fuel,,,0,0,-32.44
06/01/2026,06/01/2026,ADV PLUS BANKING - 6966,Bank of America,Funds Paid,,,"DOLLAR GENERAL  06/01 #XXXXX6513 MOBILE PURCHASE            
DG XXXXX13586 PEO  CLARKSON   
   KY ",,,General Merchandise,,,0,0,-19.7
06/01/2026,06/01/2026,ADV PLUS BANKING - 6966,Bank of America,Funds Paid,,,"CHECKCARD  0601 APPLE.COM/BILL                              
XXX-XXX-7753 CA XXXXX1661XXXXX
XXXXX9557 RECURRING ",,,Electronics,,,0,0,-0.99
06/01/2026,06/01/2026,ADV PLUS BANKING - 6966,Bank of America,Funds Paid,,,"PURCHASE   0529 AMAZON MKTPL*GX3TX2A23                      
Amzn.com/billWA XXXXX1661XXXXX
XXXXX4592 ",,,General Merchandise,,,0,0,-50.22
06/01/2026,06/01/2026,ADV PLUS BANKING - 6966,Bank of America,Funds Paid,,,"CHECKCARD  0527 WALMART.COM 80                              
BENTONVILLE  AR",,,General Merchandise,,,0,0,-14.88
06/01/2026,06/01/2026,ADV PLUS BANKING - 6966,Bank of America,Funds Paid,,,"CHECKCARD  0527 WALMART.COM 80                              
BENTONVILLE  AR",,,General Merchandise,,,0,0,-210.59
06/01/2026,06/01/2026,Regular Savings - 2603,Bank of America,DEP,,,KEEPTHECHANGE CREDIT FROM ACCT6966 EFFECTIVE 05/29,,,Savings,,,0,0,0.36
06/01/2026,06/01/2026,Portfolio Management IRA - 7854,Morgan Stanley,Qualified Dividend,,,TARGET CORPORATION,TGT,87612E106,Investment Income,,,0,0,242.82
06/01/2026,06/01/2026,Portfolio Management IRA - 7852,Morgan Stanley,Qualified Dividend,,,TARGET CORPORATION,TGT,87612E106,Investment Income,,,0,0,5.7
06/01/2026,06/01/2026,Portfolio Management IRA - 7350,Morgan Stanley,Qualified Dividend,,,TARGET CORPORATION,TGT,87612E106,Investment Income,,,0,0,23.94
06/01/2026,05/29/2026,Portfolio Management IRA - 7854,Morgan Stanley,Dividend,,,"PGIM TOTAL RETURN BOND Z
DIV PAYMENT",PDBZX,74440B405,Investment Income,,,0,0,178.34
06/01/2026,05/29/2026,Portfolio Management IRA - 7350,Morgan Stanley,Dividend,,,"PGIM TOTAL RETURN BOND Z
DIV PAYMENT",PDBZX,74440B405,Investment Income,,,0,0,14.79
06/01/2026,05/29/2026,Portfolio Management IRA - 7854,Morgan Stanley,Dividend Reinvestment,,,"PGIM TOTAL RETURN BOND Z
REINVESTMENT
AS OF DATE: 05/29/2026",PDBZX,74440B405,Other Expenses,,,14.715,12.12,-178.34
06/01/2026,05/29/2026,Portfolio Management IRA - 7350,Morgan Stanley,Dividend Reinvestment,,,"PGIM TOTAL RETURN BOND Z
REINVESTMENT
AS OF DATE: 05/29/2026",PDBZX,74440B405,Other Expenses,,,1.22,12.12,-14.79
06/01/2026,05/29/2026,Portfolio Management - 0827,Morgan Stanley,Dividend,,,"GUGGENHEIM TOTAL RETURN BD I
DIV PAYMENT",GIBIX,40168W525,Investment Income,,,0,0,177.76
06/01/2026,05/29/2026,Portfolio Management IRA - 7854,Morgan Stanley,Dividend,,,"GUGGENHEIM TOTAL RETURN BD I
DIV PAYMENT",GIBIX,40168W525,Investment Income,,,0,0,458.27
06/01/2026,05/29/2026,Portfolio Management IRA - 7350,Morgan Stanley,Dividend,,,"GUGGENHEIM TOTAL RETURN BD I
DIV PAYMENT",GIBIX,40168W525,Investment Income,,,0,0,35.14
06/01/2026,05/29/2026,Portfolio Management - 0827,Morgan Stanley,Dividend Reinvestment,,,"GUGGENHEIM TOTAL RETURN BD I
REINVESTMENT
AS OF DATE: 05/29/2026",GIBIX,40168W525,Other Expenses,,,7.472,23.79,-177.76
06/01/2026,05/29/2026,Portfolio Management IRA - 7854,Morgan Stanley,Dividend Reinvestment,,,"GUGGENHEIM TOTAL RETURN BD I
REINVESTMENT
AS OF DATE: 05/29/2026",GIBIX,40168W525,Other Expenses,,,19.263,23.79,-458.27
06/01/2026,05/29/2026,Portfolio Management IRA - 7350,Morgan Stanley,Dividend Reinvestment,,,"GUGGENHEIM TOTAL RETURN BD I
REINVESTMENT
AS OF DATE: 05/29/2026",GIBIX,40168W525,Other Expenses,,,1.477,23.79,-35.14
05/29/2026,05/29/2026,ADV PLUS BANKING - 6966,Bank of America,Withdrawal,,,KEEP THE CHANGE TRANSFER TO ACCT 2603 FOR 05/29/26,,,Savings,,,0,0,-0.36
05/29/2026,05/29/2026,ADV PLUS BANKING - 6966,Bank of America,Funds Paid,,,"CHECKCARD  0529 Netflix                                     
1 XXXXX52993 CA XXXXXXXXXXXXXX
X00251459 RECURRING ",,,Entertainment,,,0,0,-8.99
05/29/2026,05/29/2026,ADV PLUS BANKING - 6966,Bank of America,Funds Paid,,,"CHECKCARD  0527 ACE HARDWARE #382                           
ELIZABETHTOWNKY XXXXX3361XXXXX
XXXXX4203 ",,,Home Improvement,,,0,0,-11.65
05/29/2026,05/29/2026,ADV PLUS BANKING - 6966,Bank of America,DEP,,,"Online Banking transfer from SAV 2603                       
Confirmation# XXXXX11617",,,Transfers,,,0,0,6000
05/29/2026,05/29/2026,Regular Savings - 2603,Bank of America,Withdrawal,,,"Online Banking transfer to CHK 6966                         
Confirmation# XXXXX11617",,,Transfers,,,0,0,-6000
05/29/2026,05/29/2026,Regular Savings - 2603,Bank of America,DEP,,,KEEPTHECHANGE CREDIT FROM ACCT6966 EFFECTIVE 05/28,,,Savings,,,0,0,2.96
05/29/2026,05/29/2026,AAA - 0837,Morgan Stanley,Interest Income,,,"MORGAN STANLEY PRIVATE BANK NA
(Period 05/01-05/31)",MSPBNA,061871976,Investment Income,,,0,0,0.02
05/29/2026,05/29/2026,Portfolio Management - 0827,Morgan Stanley,Interest Income,,,"MORGAN STANLEY PRIVATE BANK NA
(Period 05/01-05/31)",MSPBNA,061871976,Investment Income,,,0,0,0.09
05/29/2026,05/29/2026,Portfolio Management IRA - 7854,Morgan Stanley,Interest Income,,,"MORGAN STANLEY BANK N.A.
(Period 05/01-05/31)",MSBNK,061870903,Investment Income,,,0,0,0.01
05/29/2026,05/29/2026,AAA - 0837,Morgan Stanley,Interest Income,,,"MSBNA PREFERRED SAVINGS- QC
(Period 05/01-05/31)",99YA78EB0,99YA78EB0,Investment Income,,,0,0,1.46
05/29/2026,05/29/2026,AAA - 0837,Morgan Stanley,Auto Bank Product Deposit,,,MSBNA PREFERRED SAVINGS- QC,99YA78EB0,99YA78EB0,Securities Trades,,,0,0,-1.46
05/29/2026,05/29/2026,Portfolio Management - 0827,Morgan Stanley,Qualified Dividend,,,EATON CORP PLC SHS,ETN,G29183103,Investment Income,,,0,0,44
05/29/2026,05/29/2026,Portfolio Management IRA - 7854,Morgan Stanley,Qualified Dividend,,,EATON CORP PLC SHS,ETN,G29183103,Investment Income,,,0,0,49.5
05/29/2026,05/29/2026,Portfolio Management IRA - 7852,Morgan Stanley,Qualified Dividend,,,EATON CORP PLC SHS,ETN,G29183103,Investment Income,,,0,0,1.1
05/29/2026,05/29/2026,Portfolio Management IRA - 7350,Morgan Stanley,Qualified Dividend,,,EATON CORP PLC SHS,ETN,G29183103,Investment Income,,,0,0,7.7
05/29/2026,05/29/2026,Portfolio Management - 0827,Morgan Stanley,Withdrawal,,,"ACH TRANSFER OUTGOING
Business XX-9909
CONFIRMATION # AU2PNHBBI",,,Other Expenses,,,0,0,-1500
05/28/2026,05/28/2026,ADV PLUS BANKING - 6966,Bank of America,Withdrawal,,,KEEP THE CHANGE TRANSFER TO ACCT 2603 FOR 05/28/26,,,Savings,,,0,0,-2.96
05/28/2026,05/28/2026,ADV PLUS BANKING - 6966,Bank of America,Funds Paid,,,"DOLLAR GENERAL  05/28 #XXXXX1530 MOBILE PURCHASE            
DG XXXXX12914 CUB  CUB RUN    
   KY ",,,General Merchandise,,,0,0,-7.42
05/28/2026,05/28/2026,ADV PLUS BANKING - 6966,Bank of America,Funds Paid,,,"CHECKCARD  0527 John Os Liquors Party                       
ELIZABETHTOWNKY XXXXX3861XXXXX
XXXXX7064 ",,,Groceries,,,0,0,-43.27
05/28/2026,05/28/2026,ADV PLUS BANKING - 6966,Bank of America,Funds Paid,,,"CHECKCARD  0527 GREEN BAMBOO RESTAURANT                     
ELIZABETHTOWNKY XXXXX2261XXXXX
XXXXX0460 ",,,Restaurants/Dining,,,0,0,-48.11
05/28/2026,05/28/2026,ADV PLUS BANKING - 6966,Bank of America,Funds Paid,,,"CHECKCARD  0527 MAGNOLIA DAY SPA                            
ELIZABETHTOWNKY XXXXX4261XXXXX
XXXXX0980 ",,,Personal Care,,,0,0,-123.24
05/28/2026,05/28/2026,Regular Savings - 2603,Bank of America,DEP,,,KEEPTHECHANGE CREDIT FROM ACCT6966 EFFECTIVE 05/27,,,Savings,,,0,0,2.92
05/28/2026,05/28/2026,Portfolio Management IRA - 7854,Morgan Stanley,Qualified Dividend,,,LOUISIANA PACIFIC CORP,LPX,546347105,Investment Income,,,0,0,93.9
05/28/2026,05/28/2026,Portfolio Management IRA - 7350,Morgan Stanley,Qualified Dividend,,,LOUISIANA PACIFIC CORP,LPX,546347105,Investment Income,,,0,0,18.6
05/27/2026,05/27/2026,ADV PLUS BANKING - 6966,Bank of America,Withdrawal,,,KEEP THE CHANGE TRANSFER TO ACCT 2603 FOR 05/27/26,,,Savings,,,0,0,-2.92
05/27/2026,05/27/2026,ADV PLUS BANKING - 6966,Bank of America,Funds Paid,,,"PETSMART #3240  05/27 #XXXXX5774 PURCHASE                   
PETSMART #3240     ELIZABETHTO
WN KY ",,,Pets/Pet Care,,,0,0,-38.13
05/27/2026,05/27/2026,ADV PLUS BANKING - 6966,Bank of America,Funds Paid,,,"CHECKCARD  0527 WALMART.COM 80                              
BENTONVILLE  AR",,,General Merchandise,,,0,0,-4.21
05/27/2026,05/27/2026,ADV PLUS BANKING - 6966,Bank of America,Funds Paid,,,"PURCHASE   0526 PCARMARKET, INC.                            
WWW.PCARMARKENY XXXXX3461XXXXX
XXXXX8370 ",,,Other Expenses,,,0,0,-99
05/27/2026,05/27/2026,ADV PLUS BANKING - 6966,Bank of America,Funds Paid,,,"PURCHASE   0526 AMAZON MKTPL*5E00308H3                      
Amzn.com/billWA XXXXX1661XXXXX
XXXXX3485 ",,,General Merchandise,,,0,0,-25.16
05/27/2026,05/27/2026,ADV PLUS BANKING - 6966,Bank of America,Funds Paid,,,"PURCHASE   0526 PetSmart                                    
XXX-XX99638  AZ XXXXX3861XXXXX
XXXXX4227 ",,,Pets/Pet Care,,,0,0,-13.58
05/27/2026,05/27/2026,Regular Savings - 2603,Bank of America,Interest,,,Interest Earned,,,Interest,,,0,0,0.03
05/27/2026,05/27/2026,Regular Savings - 2603,Bank of America,DEP,,,KEEPTHECHANGE CREDIT FROM ACCT6966 EFFECTIVE 05/26,,,Savings,,,0,0,5.23
05/26/2026,05/26/2026,ADV PLUS BANKING - 6966,Bank of America,Withdrawal,,,KEEP THE CHANGE TRANSFER TO ACCT 2603 FOR 05/26/26,,,Savings,,,0,0,-5.23
05/26/2026,05/26/2026,ADV PLUS BANKING - 6966,Bank of America,Funds Paid,,,"VERIZON WIRELESS DES:PAYMENTS   ID:XXXXXXXXXX00001          
 INDN:XXXXX0004902XXXXX00001  
CO ID:XXXXX44794 PPD ",,,Telephone Services,,,0,0,-291.48
05/26/2026,05/26/2026,ADV PLUS BANKING - 6966,Bank of America,Funds Paid,,,"DOLLAR GENERAL  05/25 #XXXXX5243 MOBILE PURCHASE            
DG XXXXX13586 PEO  CLARKSON   
   KY ",,,General Merchandise,,,0,0,-20.2
05/26/2026,05/26/2026,ADV PLUS BANKING - 6966,Bank of America,Funds Paid,,,"DOLLAR GENERAL  05/25 #XXXXX1166 MOBILE PURCHASE            
DG XXXXX12914 CUB  CUB RUN    
   KY ",,,General Merchandise,,,0,0,-27.95
05/26/2026,05/26/2026,ADV PLUS BANKING - 6966,Bank of America,Funds Paid,,,"PURCHASE   0525 AMAZON MKTPL*I02KN1ZX3                      
Amzn.com/billWA XXXXX1661XXXXX
XXXXX6700 ",,,General Merchandise,,,0,0,-77.32
05/26/2026,05/26/2026,ADV PLUS BANKING - 6966,Bank of America,Funds Paid,,,"PURCHASE   0524 PetSmart                                    
XXX-XX99638  AZ XXXXX3861XXXXX
XXXXX0227 ",,,Pets/Pet Care,,,0,0,-16.72
05/26/2026,05/26/2026,ADV PLUS BANKING - 6966,Bank of America,Funds Paid,,,"PURCHASE   0524 PetSmart                                    
XXX-XX99638  AZ XXXXX3861XXXXX
XXXXX5229 ",,,Pets/Pet Care,,,0,0,-119.78
05/26/2026,05/26/2026,ADV PLUS BANKING - 6966,Bank of America,Funds Paid,,,"PURCHASE   0524 AMAZON MKTPL*R639M22C3                      
Amzn.com/billWA XXXXX1661XXXXX
XXXXX0355 ",,,General Merchandise,,,0,0,-14.83
05/26/2026,05/26/2026,ADV PLUS BANKING - 6966,Bank of America,Funds Paid,,,"PURCHASE   0524 OURARING INC.                               
XXX-XXX-4726 CA XXXXX2961XXXXX
XXXXX9742 RECURRING ",,,Healthcare/Medical,,,0,0,-5.99
05/26/2026,05/26/2026,ADV PLUS BANKING - 6966,Bank of America,Funds Paid,,,"PURCHASE   0524 AMAZON MKTPL*F64Y22OQ3                      
Amzn.com/billWA XXXXX1661XXXXX
XXXXX8251 ",,,General Merchandise,,,0,0,-18.01
05/26/2026,05/26/2026,ADV PLUS BANKING - 6966,Bank of America,Funds Paid,,,"PURCHASE   0523 AMAZON DIGITAL                              
WWW.AMAZON.COWA XXXXX3461XXXXX
XXXXX1595 ",,,Entertainment,,,0,0,-9.75
05/26/2026,05/26/2026,ADV PLUS BANKING - 6966,Bank of America,Funds Paid,,,"PURCHASE   0523 AMAZON MKTPL*6B5MZ5U53                      
Amzn.com/billWA XXXXX1661XXXXX
XXXXX5490 ",,,General Merchandise,,,0,0,-16.09
05/26/2026,05/26/2026,ADV PLUS BANKING - 6966,Bank of America,Funds Paid,,,"PURCHASE   0524 AMAZON MKTPL*ZH19Q5PD3                      
Amzn.com/billWA XXXXX1661XXXXX
XXXXX0448 ",,,General Merchandise,,,0,0,-301.13
05/26/2026,05/26/2026,Regular Savings - 2603,Bank of America,DEP,,,KEEPTHECHANGE CREDIT FROM ACCT6966 EFFECTIVE 05/22,,,Savings,,,0,0,2.05
05/26/2026,05/26/2026,Portfolio Management - 0827,Morgan Stanley,Qualified Dividend,,,WALMART INC,WMT,931142103,Investment Income,,,0,0,92.57
05/26/2026,05/26/2026,Portfolio Management IRA - 7854,Morgan Stanley,Qualified Dividend,,,WALMART INC,WMT,931142103,Investment Income,,,0,0,134.89
05/26/2026,05/26/2026,Portfolio Management IRA - 7852,Morgan Stanley,Qualified Dividend,,,WALMART INC,WMT,931142103,Investment Income,,,0,0,2.23
05/26/2026,05/26/2026,Portfolio Management IRA - 7350,Morgan Stanley,Qualified Dividend,,,WALMART INC,WMT,931142103,Investment Income,,,0,0,24.26
05/22/2026,05/22/2026,ADV PLUS BANKING - 6966,Bank of America,Withdrawal,,,KEEP THE CHANGE TRANSFER TO ACCT 2603 FOR 05/22/26,,,Savings,,,0,0,-2.05
05/22/2026,05/22/2026,ADV PLUS BANKING - 6966,Bank of America,Funds Paid,,,"CHASE CREDIT CRD DES:EPAY       ID:XXXXX73925               
 INDN:JOHN VOSKUIL            
CO ID:XXXXX39224 WEB ",,,Credit Card Payments,,,0,0,-5486.36
05/22/2026,05/22/2026,ADV PLUS BANKING - 6966,Bank of America,Funds Paid,,,"DOLLAR GENERAL  05/22 #XXXXX4019 MOBILE PURCHASE            
DG XXXXX13586 PEO  CLARKSON   
   KY ",,,General Merchandise,,,0,0,-3.45
05/22/2026,05/22/2026,ADV PLUS BANKING - 6966,Bank of America,Funds Paid,,,"PURCHASE   0521 SP PURA.COM                                 
PURA-SCENTS.MUT XXXXX3461XXXXX
XXXXX0408 RECURRING ",,,General Merchandise,,,0,0,-169.49
05/22/2026,05/22/2026,ADV PLUS BANKING - 6966,Bank of America,Funds Paid,,,"CHECKCARD  0521 PetSmart                                    
XXX-XX99638  AZ XXXXX3861XXXXX
XXXXX4226 ",,,Pets/Pet Care,,,0,0,-78.01
05/22/2026,05/22/2026,Regular Savings - 2603,Bank of America,DEP,,,KEEPTHECHANGE CREDIT FROM ACCT6966 EFFECTIVE 05/21,,,Savings,,,0,0,4.56
05/21/2026,05/21/2026,ADV PLUS BANKING - 6966,Bank of America,Withdrawal,,,KEEP THE CHANGE TRANSFER TO ACCT 2603 FOR 05/21/26,,,Savings,,,0,0,-4.56
05/21/2026,05/21/2026,ADV PLUS BANKING - 6966,Bank of America,Funds Paid,,,Leitchfield Exterminating Bill Payment,,,Home Maintenance,,,0,0,-95
05/21/2026,05/21/2026,ADV PLUS BANKING - 6966,Bank of America,Funds Paid,,,"MARATHON X0816  05/21 #XXXXX9964 MOBILE PURCHASE            
MARATHON XX8167    CLARKSON   
   KY ",,,Gasoline/Fuel,,,0,0,-32.44
05/21/2026,05/21/2026,ADV PLUS BANKING - 6966,Bank of America,Withdrawal,,,"Online Banking transfer to SAV 2603                         
Confirmation# XXXXX72401",,,Savings,,,0,0,-11000
05/21/2026,05/21/2026,ADV PLUS BANKING - 6966,Bank of America,Funds Paid,,,"CHECKCARD  0520 RIVERSIDE ANIMAL CLINIC                     
MUNFORDVILLE KY XXXXX9761XXXXX
XXXXX5616 ",,,Pets/Pet Care,,,0,0,-27.4
05/21/2026,05/21/2026,ADV PLUS BANKING - 6966,Bank of America,Funds Paid,,,"CHECKCARD  0520 DAIRY QUEEN #X3021                          
LEITCHFIELD  KY XXXXX4161XXXXX
XXXXX8592 ",,,Restaurants/Dining,,,0,0,-3.04
05/21/2026,05/21/2026,ADV PLUS BANKING - 6966,Bank of America,Funds Paid,,,"CHECKCARD  0520 CITY OF LEITCHFIELD ANI                     
LEITCHFIELD  KY XXXXX4261XXXXX
XXXXX5989 ",,,Utilities,,,0,0,-90.1
05/21/2026,05/21/2026,ADV PLUS BANKING - 6966,Bank of America,Funds Paid,,,"MOBILE PURCHASE 0520  TST* HOMETOWN HANGOUT                 
LEITCHFIELD  KY XXXXX4661XXXXX
XXXXX1139 ",,,Restaurants/Dining,,,0,0,-5.42
05/21/2026,05/21/2026,ADV PLUS BANKING - 6966,Bank of America,Funds Paid,,,"CHECKCARD  0520 MAPS SECURITY LLC                           
XXX-XX47758  KY XXXXX3961XXXXX
XXXXX6547 ",,,Home Improvement,,,0,0,-41.34
05/21/2026,05/21/2026,ADV PLUS BANKING - 6966,Bank of America,Funds Paid,,,"PURCHASE   0520 OURARING INC.                               
XXX-XXX-4726 CA XXXXX2961XXXXX
XXXXX7968 RECURRING ",,,Healthcare/Medical,,,0,0,-5.99
05/21/2026,05/21/2026,ADV PLUS BANKING - 6966,Bank of America,Funds Paid,,,"PURCHASE   0520 AMAZON MKTPL*PK5CY53O3                      
Amzn.com/billWA XXXXX1661XXXXX
XXXXX5466 ",,,General Merchandise,,,0,0,-12.71
05/21/2026,05/21/2026,Regular Savings - 2603,Bank of America,DEP,,,"Online Banking transfer from CHK 6966                       
Confirmation# XXXXX72401",,,Transfers,,,0,0,11000
05/21/2026,05/21/2026,Regular Savings - 2603,Bank of America,DEP,,,KEEPTHECHANGE CREDIT FROM ACCT6966 EFFECTIVE 05/20,,,Savings,,,0,0,3.19
05/20/2026,05/20/2026,ADV PLUS BANKING - 6966,Bank of America,Withdrawal,,,KEEP THE CHANGE TRANSFER TO ACCT 2603 FOR 05/20/26,,,Savings,,,0,0,-3.19
05/20/2026,05/20/2026,ADV PLUS BANKING - 6966,Bank of America,Funds Paid,,,"TRACTOR SUPPLY  05/20 #XXXXX9724 MOBILE PURCHASE            
TRACTOR SUPPLY C   MUNFORDVILL
E  KY ",,,Home Improvement,,,0,0,-160.04
05/20/2026,05/20/2026,ADV PLUS BANKING - 6966,Bank of America,Funds Paid,,,"MOBILE PURCHASE 0520  MURPHY6922ATWA                        
LEITCHFIELD  KY",,,Gasoline/Fuel,,,0,0,-82.79
05/20/2026,05/20/2026,ADV PLUS BANKING - 6966,Bank of America,Funds Paid,,,"CHECKCARD  0520 Walmart.com                                 
Bentonville  AR",,,General Merchandise,,,0,0,-16.4
05/20/2026,05/20/2026,ADV PLUS BANKING - 6966,Bank of America,Funds Paid,,,"CHECKCARD  0519 Walmart.com                                 
Bentonville  AR",,,General Merchandise,,,0,0,-61.05
05/20/2026,05/20/2026,ADV PLUS BANKING - 6966,Bank of America,Funds Paid,,,"CHECKCARD  0519 Walmart.com                                 
Bentonville  AR",,,General Merchandise,,,0,0,-273.69
05/20/2026,05/20/2026,ADV PLUS BANKING - 6966,Bank of America,Funds Paid,,,"PURCHASE   0519 Prime Video *ZF0QK9Y13                      
XXX-XXX-3080 WA XXXXX1661XXXXX
XXXXX8029 ",,,Entertainment,,,0,0,-1.89
05/20/2026,05/20/2026,ADV PLUS BANKING - 6966,Bank of America,Funds Paid,,,"PURCHASE   0519 Amazon.com*CY2U48WW3                        
Amzn.com/billWA XXXXX1661XXXXX
XXXXX1781 ",,,General Merchandise,,,0,0,-2.95
05/20/2026,05/20/2026,ADV PLUS BANKING - 6966,Bank of America,DEP,,,"Online Banking transfer from SAV 2603                       
Confirmation# XXXXX35205",,,Transfers,,,0,0,200
05/20/2026,05/20/2026,Regular Savings - 2603,Bank of America,Withdrawal,,,"Online Banking transfer to CHK 6966                         
Confirmation# XXXXX35205",,,Transfers,,,0,0,-200
05/20/2026,05/20/2026,Regular Savings - 2603,Bank of America,DEP,,,KEEPTHECHANGE CREDIT FROM ACCT6966 EFFECTIVE 05/19,,,Savings,,,0,0,1.66
05/19/2026,05/19/2026,ADV PLUS BANKING - 6966,Bank of America,Withdrawal,,,KEEP THE CHANGE TRANSFER TO ACCT 2603 FOR 05/19/26,,,Savings,,,0,0,-1.66
05/19/2026,05/19/2026,ADV PLUS BANKING - 6966,Bank of America,Funds Paid,,,"CHASE CREDIT CRD DES:EPAY       ID:XXXXX09102               
 INDN:JOHN VOSKUIL            
CO ID:XXXXX39224 WEB ",,,Credit Card Payments,,,0,0,-163
05/19/2026,05/19/2026,ADV PLUS BANKING - 6966,Bank of America,Funds Paid,,,"CHECKCARD  0518 WALGREENS #XXXX                             
XXX-XXX-5823 AZ XXXXX0061XXXXX
XXXXX4357 ",,,Healthcare/Medical,,,0,0,-11.61
05/19/2026,05/19/2026,ADV PLUS BANKING - 6966,Bank of America,Funds Paid,,,"CHECKCARD  0518 WALGREENS #XXXX                             
XXX-XXX-5823 AZ XXXXX0061XXXXX
XXXXX4274 ",,,Healthcare/Medical,,,0,0,-13.43
05/19/2026,05/19/2026,ADV PLUS BANKING - 6966,Bank of America,Funds Paid,,,"PURCHASE   0518 Amazon.com*BF7LL18M0                        
Amzn.com/billWA XXXXX1661XXXXX
XXXXX0104 ",,,General Merchandise,,,0,0,-14.3
05/19/2026,05/19/2026,Regular Savings - 2603,Bank of America,DEP,,,KEEPTHECHANGE CREDIT FROM ACCT6966 EFFECTIVE 05/18,,,Savings,,,0,0,5.29
05/18/2026,05/18/2026,ADV PLUS BANKING - 6966,Bank of America,Withdrawal,,,KEEP THE CHANGE TRANSFER TO ACCT 2603 FOR 05/18/26,,,Savings,,,0,0,-5.29
05/18/2026,05/18/2026,ADV PLUS BANKING - 6966,Bank of America,Funds Paid,,,"Nolin River Ha  05/18 #XXXXX2924 MOBILE PURCHASE            
Nolin River Hardw  CUB RUNN   
   KY ",,,Home Improvement,,,0,0,-7.82
05/18/2026,05/18/2026,ADV PLUS BANKING - 6966,Bank of America,Funds Paid,,,"DOLLAR GENERAL  05/17 #XXXXX3111 MOBILE PURCHASE            
DG XXXXX13586 PEO  CLARKSON   
   KY ",,,General Merchandise,,,0,0,-28.67
05/18/2026,05/18/2026,ADV PLUS BANKING - 6966,Bank of America,Withdrawal,,,"PMNT SENT  0516 VENMO *Mikal F                              
New York     NY",,,Transfers,,,0,0,-55
05/18/2026,05/18/2026,ADV PLUS BANKING - 6966,Bank of America,Funds Paid,,,"CHECKCARD  0516 TST* BUOY'S BA                              
CLARKSON     KY",,,Restaurants/Dining,,,0,0,-65.19
05/18/2026,05/18/2026,ADV PLUS BANKING - 6966,Bank of America,Funds Paid,,,"PURCHASE   0515 TONAL SYSTEMS, INC                          
TONAL.COM    CA XXXXX3461XXXXX
XXXXX3505 RECURRING ",,,Personal Care,,,0,0,-59.95
05/18/2026,05/18/2026,ADV PLUS BANKING - 6966,Bank of America,Funds Paid,,,"CHECKCARD  0515 SOUTH CENTRAL RURAL TEL                     
SCRTC.COM    KY XXXXX6861XXXXX
XXXXX9140 RECURRING ",,,Cable/Satellite Services,,,0,0,-85.18
05/18/2026,05/18/2026,ADV PLUS BANKING - 6966,Bank of America,Funds Paid,,,"PURCHASE   0515 Amazon.com*OB3I06CB3                        
Amzn.com/billWA XXXXX1661XXXXX
XXXXX8183 ",,,General Merchandise,,,0,0,-11.66
05/18/2026,05/18/2026,ADV PLUS BANKING - 6966,Bank of America,Funds Paid,,,"PURCHASE   0515 Amazon.com*BF35U5F50                        
Amzn.com/billWA XXXXX1661XXXXX
XXXXX6535 ",,,General Merchandise,,,0,0,-22.25
05/18/2026,05/18/2026,ADV PLUS BANKING - 6966,Bank of America,Funds Paid,,,"PURCHASE   0515 Amazon.com*ZU1VH7T53                        
Amzn.com/billWA XXXXX1661XXXXX
XXXXX9612 ",,,General Merchandise,,,0,0,-11.51
05/18/2026,05/18/2026,ADV PLUS BANKING - 6966,Bank of America,Funds Paid,,,"PURCHASE   0515 Amazon.com*BF54R8CM0                        
Amzn.com/billWA XXXXX1661XXXXX
XXXXX6114 ",,,General Merchandise,,,0,0,-15.77
05/18/2026,05/18/2026,ADV PLUS BANKING - 6966,Bank of America,Funds Paid,,,"PURCHASE   0515 AMAZON MKTPL*BF2LB0O00                      
Amzn.com/billWA XXXXX1661XXXXX
XXXXX5112 ",,,General Merchandise,,,0,0,-16.99
05/18/2026,05/18/2026,ADV PLUS BANKING - 6966,Bank of America,Funds Paid,,,"PURCHASE   0515 AMAZON MKTPL*SU9YZ7QD3                      
Amzn.com/billWA XXXXX1661XXXXX
XXXXX7810 ",,,General Merchandise,,,0,0,-9.06
05/18/2026,05/18/2026,ADV PLUS BANKING - 6966,Bank of America,Funds Paid,,,"PURCHASE   0515 Amazon.com*BV3HF6YK0                        
Amzn.com/billWA XXXXX1661XXXXX
XXXXX9116 ",,,General Merchandise,,,0,0,-11.66
05/18/2026,05/18/2026,ADV PLUS BANKING - 6966,Bank of America,DEP,,,"Online Banking transfer from SAV 2603                       
Confirmation# XXXXX42453",,,Transfers,,,0,0,500
05/18/2026,05/18/2026,Regular Savings - 2603,Bank of America,Withdrawal,,,"Online Banking transfer to CHK 6966                         
Confirmation# XXXXX42453",,,Transfers,,,0,0,-500
05/18/2026,05/18/2026,Regular Savings - 2603,Bank of America,DEP,,,KEEPTHECHANGE CREDIT FROM ACCT6966 EFFECTIVE 05/15,,,Savings,,,0,0,1.92
05/18/2026,05/18/2026,Portfolio Management IRA - 7854,Morgan Stanley,Miscellaneous Income,,,"KRAFT HEINZ CO COM
CLASS ACTION PAYMENT",KHC,500754106,Other Income,,,0,0,31.37
05/18/2026,05/18/2026,Portfolio Management IRA - 7854,Morgan Stanley,Service Fee,,,"KRAFT HEINZ CO COM
CLASS ACTION VENDOR FEE",KHC,500754106,Service Charges/Fees,,,0,0,-1.88
05/15/2026,05/15/2026,ADV PLUS BANKING - 6966,Bank of America,Withdrawal,,,KEEP THE CHANGE TRANSFER TO ACCT 2603 FOR 05/15/26,,,Savings,,,0,0,-1.92
05/15/2026,05/15/2026,ADV PLUS BANKING - 6966,Bank of America,Funds Paid,,,"T-MOBILE         DES:PCS SVC    ID:6521655                  
 INDN:JEANNE VOSKUIL          
CO ID:XXXXX50304 WEB ",,,Telephone Services,,,0,0,-125
05/15/2026,05/15/2026,ADV PLUS BANKING - 6966,Bank of America,Funds Paid,,,"CHECKCARD  0514 DAIRY QUEEN #X0347                          
SHEPHERDSVILLKY XXXXX4161XXXXX
XXXXX4661 ",,,Restaurants/Dining,,,0,0,-6.46
05/15/2026,05/15/2026,ADV PLUS BANKING - 6966,Bank of America,Funds Paid,,,"CHECKCARD  0514 BUBBAS XX 2803                              
LOUISVILLE   KY XXXXX6861XXXXX
XXXXX8359 ",,,Restaurants/Dining,,,0,0,-52.37
05/15/2026,05/15/2026,ADV PLUS BANKING - 6966,Bank of America,Funds Paid,,,"CHECKCARD  0514 GARDEN GATE FRUIT MARKE                     
LOUISVILLE   KY XXXXX6961XXXXX
XXXXX6012 ",,,Groceries,,,0,0,-32.25
05/15/2026,05/15/2026,Regular Savings - 2603,Bank of America,DEP,,,KEEPTHECHANGE CREDIT FROM ACCT6966 EFFECTIVE 05/14,,,Savings,,,0,0,3.96
05/15/2026,05/15/2026,Portfolio Management IRA - 7854,Morgan Stanley,Qualified Dividend,,,PROCTER & GAMBLE,PG,742718109,Investment Income,,,0,0,153.48
05/15/2026,05/15/2026,Portfolio Management IRA - 7852,Morgan Stanley,Qualified Dividend,,,PROCTER & GAMBLE,PG,742718109,Investment Income,,,0,0,3.27
05/15/2026,05/15/2026,Portfolio Management IRA - 7350,Morgan Stanley,Qualified Dividend,,,PROCTER & GAMBLE,PG,742718109,Investment Income,,,0,0,33.74
05/15/2026,05/15/2026,Portfolio Management - 0827,Morgan Stanley,Qualified Dividend,,,ABBVIE INC COM,ABBV,00287Y109,Investment Income,,,0,0,188.57
05/15/2026,05/15/2026,Portfolio Management IRA - 7854,Morgan Stanley,Qualified Dividend,,,ABBVIE INC COM,ABBV,00287Y109,Investment Income,,,0,0,370.22
05/15/2026,05/15/2026,Portfolio Management IRA - 7852,Morgan Stanley,Qualified Dividend,,,ABBVIE INC COM,ABBV,00287Y109,Investment Income,,,0,0,5.19
05/15/2026,05/15/2026,Portfolio Management IRA - 7350,Morgan Stanley,Qualified Dividend,,,ABBVIE INC COM,ABBV,00287Y109,Investment Income,,,0,0,65.74
05/15/2026,05/15/2026,Portfolio Management - 0827,Morgan Stanley,Qualified Dividend,,,AON PLC CL A,AON,G0403H108,Investment Income,,,0,0,13.94
05/15/2026,05/15/2026,Portfolio Management IRA - 7854,Morgan Stanley,Qualified Dividend,,,AON PLC CL A,AON,G0403H108,Investment Income,,,0,0,91.02
05/15/2026,05/15/2026,Portfolio Management IRA - 7852,Morgan Stanley,Qualified Dividend,,,AON PLC CL A,AON,G0403H108,Investment Income,,,0,0,1.64
05/15/2026,05/15/2026,Portfolio Management IRA - 7350,Morgan Stanley,Qualified Dividend,,,AON PLC CL A,AON,G0403H108,Investment Income,,,0,0,12.3
05/15/2026,05/15/2026,Portfolio Management - 0827,Morgan Stanley,Qualified Dividend,,,COSTCO WHOLESALE CORP NEW,COST,22160K105,Investment Income,,,0,0,20.58
05/15/2026,05/15/2026,Portfolio Management IRA - 7854,Morgan Stanley,Qualified Dividend,,,COSTCO WHOLESALE CORP NEW,COST,22160K105,Investment Income,,,0,0,42.63
05/15/2026,05/15/2026,Portfolio Management IRA - 7350,Morgan Stanley,Qualified Dividend,,,COSTCO WHOLESALE CORP NEW,COST,22160K105,Investment Income,,,0,0,4.41
05/14/2026,05/14/2026,ADV PLUS BANKING - 6966,Bank of America,Withdrawal,,,KEEP THE CHANGE TRANSFER TO ACCT 2603 FOR 05/14/26,,,Savings,,,0,0,-3.96
05/14/2026,05/14/2026,ADV PLUS BANKING - 6966,Bank of America,Funds Paid,,,"LOWE'S #2945    05/14 #XXXXX2407 MOBILE PURCHASE            
LOWE'S #2945       SHEPHERDSVI
LL KY ",,,Home Improvement,,,0,0,-228.25
05/14/2026,05/14/2026,ADV PLUS BANKING - 6966,Bank of America,Funds Paid,,,"PAUL'S FRUIT M  05/14 #XXXXX3038 PURCHASE                   
3704 TAYLORSVILLE  LOUISVILLE 
   KY ",,,Groceries,,,0,0,-39.78
05/14/2026,05/14/2026,ADV PLUS BANKING - 6966,Bank of America,Funds Paid,,,"CHECKCARD  0514 PILOT #0392                                 
SONORA       KY",,,Gasoline/Fuel,,,0,0,-75.41
05/14/2026,05/14/2026,ADV PLUS BANKING - 6966,Bank of America,Withdrawal,,,"BKOFAMERICA ATM 05/14 #XXXXX5629 WITHDRWL                   
FERN CREEK         LOUISVILLE 
KY TN ",,,ATM/Cash Withdrawals,,,0,0,-60
05/14/2026,05/14/2026,ADV PLUS BANKING - 6966,Bank of America,Funds Paid,,,"Hart County Bu  05/14 #XXXXX7763 PURCHASE                   
Hart County Build  Munfordvill
e  KY ",,,Online Services,,,0,0,-6.11
05/14/2026,05/14/2026,ADV PLUS BANKING - 6966,Bank of America,Funds Paid,,,"MOBILE PURCHASE 0514  MARATHON X0816                        
CLARKSON     KY",,,Gasoline/Fuel,,,0,0,-10
05/14/2026,05/14/2026,ADV PLUS BANKING - 6966,Bank of America,Funds Paid,,,"CHECKCARD  0513 WALGREENS #XXXXX                            
XXX-XXX-0439 TN XXXXX0061XXXXX
XXXXX5976 ",,,Healthcare/Medical,,,0,0,-59.35
05/14/2026,05/14/2026,ADV PLUS BANKING - 6966,Bank of America,Funds Paid,,,"PURCHASE   0513 AMAZON MKTPL*HT3JT4LH3                      
Amzn.com/billWA XXXXX1661XXXXX
XXXXX8439 ",,,General Merchandise,,,0,0,-17.14
05/14/2026,05/14/2026,ADV PLUS BANKING - 6966,Bank of America,DEPOSIT,,,"BOFA FIN CTR    05/14 #XXXXX1447 DEPOSIT                    
X0415 Southpointe  Louisville 
   KY ",,,Deposits,,,0,0,20000
05/14/2026,05/14/2026,Regular Savings - 2603,Bank of America,DEP,,,KEEPTHECHANGE CREDIT FROM ACCT6966 EFFECTIVE 05/13,,,Savings,,,0,0,0.06
05/14/2026,05/14/2026,Portfolio Management - 0827,Morgan Stanley,Qualified Dividend,,,APPLE INC,AAPL,037833100,Investment Income,,,0,0,34.02
05/14/2026,05/14/2026,Portfolio Management IRA - 7854,Morgan Stanley,Qualified Dividend,,,APPLE INC,AAPL,037833100,Investment Income,,,0,0,73.17
05/14/2026,05/14/2026,Portfolio Management IRA - 7852,Morgan Stanley,Qualified Dividend,,,APPLE INC,AAPL,037833100,Investment Income,,,0,0,1.35
05/14/2026,05/14/2026,Portfolio Management IRA - 7350,Morgan Stanley,Qualified Dividend,,,APPLE INC,AAPL,037833100,Investment Income,,,0,0,8.91
05/14/2026,05/14/2026,Portfolio Management - 0827,Morgan Stanley,Online Transfer,,,"FUNDS RECEIVED
Business XX-9909
CONFIRMATION # AWUNK0OST",,,Transfers,,,0,0,10
05/13/2026,05/13/2026,ADV PLUS BANKING - 6966,Bank of America,Withdrawal,,,KEEP THE CHANGE TRANSFER TO ACCT 2603 FOR 05/13/26,,,Savings,,,0,0,-0.06
05/13/2026,05/13/2026,ADV PLUS BANKING - 6966,Bank of America,Funds Paid,,,Nolin Lawn Service Bill Payment,,,Home Maintenance,,,0,0,-159
05/13/2026,05/13/2026,ADV PLUS BANKING - 6966,Bank of America,Funds Paid,,,"DOLLAR GENERAL  05/13 #XXXXX2242 MOBILE PURCHASE            
DG XXXXX13586 PEO  CLARKSON   
   KY ",,,General Merchandise,,,0,0,-3.95
05/13/2026,05/13/2026,ADV PLUS BANKING - 6966,Bank of America,Funds Paid,,,"CHECKCARD  0513 MARATHON X0816                              
CLARKSON     KY",,,Gasoline/Fuel,,,0,0,-9.99
05/13/2026,05/13/2026,ADV PLUS BANKING - 6966,Bank of America,Funds Paid,,,"CHECKCARD  0512 SQ *LUCKY NAILS                             
MUNFORDVILLE KY XXXXX1661XXXXX
XXXXX4032 ",,,Personal Care,,,0,0,-96
05/13/2026,05/13/2026,ADV PLUS BANKING - 6966,Bank of America,Service Fee,,,"CHECKCARD  0511 IN BIZ CONV. FEE                            
XXX-XXX-6367 TN XXXXX4661XXXXX
XXXXX0084 ",,,Service Charges/Fees,,,0,0,-1
05/13/2026,05/13/2026,ADV PLUS BANKING - 6966,Bank of America,Funds Paid Adj,,,"CHECKCARD  0512 DAIRY QUEEN #X2841 OLO                      
MUNFORDVILLE KY XXXXX4161XXXXX
XXXXX4985 ",,,Restaurants/Dining,,,0,0,6.41
05/13/2026,05/13/2026,Regular Savings - 2603,Bank of America,DEP,,,KEEPTHECHANGE CREDIT FROM ACCT6966 EFFECTIVE 05/12,,,Savings,,,0,0,2.05
05/12/2026,05/12/2026,ADV PLUS BANKING - 6966,Bank of America,Withdrawal,,,KEEP THE CHANGE TRANSFER TO ACCT 2603 FOR 05/12/26,,,Savings,,,0,0,-2.05
05/12/2026,05/12/2026,ADV PLUS BANKING - 6966,Bank of America,Funds Paid,,,"*MAMMOTH LIQUO  05/12 #XXXXX1379 PURCHASE                   
MAMMOTH LIQUORS    CAVE CITY  
   KY ",,,Groceries,,,0,0,-137.58
05/12/2026,05/12/2026,ADV PLUS BANKING - 6966,Bank of America,Funds Paid,,,"PURCHASE   0511 CLAUDE.AI SUBSCRIPTION                      
ANTHROPIC.COMCA XXXXX3461XXXXX
XXXXX2818 RECURRING ",,,Dues and Subscriptions,,,0,0,-21.2
05/12/2026,05/12/2026,ADV PLUS BANKING - 6966,Bank of America,Funds Paid,,,"CHECKCARD  0511 INDIANA SECRETARY OF ST                     
XXX-XXX-9768 IN XXXXX4661XXXXX
XXXXX0980 ",,,Online Services,,,0,0,-26
05/12/2026,05/12/2026,ADV PLUS BANKING - 6966,Bank of America,Funds Paid,,,"PURCHASE   0511 MASSIVE.COM DATA API                        
POLYGON.IO   GA XXXXX3461XXXXX
XXXXX2503 RECURRING ",,,Personal Care,,,0,0,-29
05/12/2026,05/12/2026,ADV PLUS BANKING - 6966,Bank of America,Funds Paid,,,"CHECKCARD  0511 BOOKOFMONTH *ADD-ONS                        
BOTM.COM     NY XXXXX4161XXXXX
XXXXX5864 ",,,Hobbies,,,0,0,-3.17
05/12/2026,05/12/2026,ADV PLUS BANKING - 6966,Bank of America,DEP,,,"Zelle payment from                                          
 FOX DEN HOLDINGS, LLC        ",,,Transfers,,,0,0,284
05/12/2026,05/12/2026,Regular Savings - 2603,Bank of America,DEP,,,KEEPTHECHANGE CREDIT FROM ACCT6966 EFFECTIVE 05/11,,,Savings,,,0,0,7.56
05/11/2026,05/11/2026,ADV PLUS BANKING - 6966,Bank of America,Withdrawal,,,KEEP THE CHANGE TRANSFER TO ACCT 2603 FOR 05/11/26,,,Savings,,,0,0,-7.56
05/11/2026,05/11/2026,ADV PLUS BANKING - 6966,Bank of America,Funds Paid,,,"DOLLAR GENERAL  05/11 #XXXXX9335 PURCHASE                   
DG XXXXX12914 CUB  CUB RUN    
   KY ",,,General Merchandise,,,0,0,-35.51
05/11/2026,05/11/2026,ADV PLUS BANKING - 6966,Bank of America,Funds Paid,,,"Nolin River Ha  05/11 #XXXXX2055 MOBILE PURCHASE            
Nolin River Hardw  CUB RUNN   
   KY ",,,Home Improvement,,,0,0,-12.71
05/11/2026,05/11/2026,ADV PLUS BANKING - 6966,Bank of America,Funds Paid,,,"DOLLAR GENERAL  05/10 #XXXXX1910 MOBILE PURCHASE            
DG XXXXX13586 PEO  CLARKSON   
   KY ",,,General Merchandise,,,0,0,-1.06
05/11/2026,05/11/2026,ADV PLUS BANKING - 6966,Bank of America,Funds Paid,,,"MARATHON X0816  05/10 #XXXXX8278 MOBILE PURCHASE            
MARATHON XX8167    CLARKSON   
   KY ",,,Gasoline/Fuel,,,0,0,-29.67
05/11/2026,05/11/2026,ADV PLUS BANKING - 6966,Bank of America,Funds Paid,,,"DOLLAR GENERAL  05/10 #XXXXX1907 MOBILE PURCHASE            
DG XXXXX13586 PEO  CLARKSON   
   KY ",,,General Merchandise,,,0,0,-3
05/11/2026,05/11/2026,ADV PLUS BANKING - 6966,Bank of America,Funds Paid,,,"CHECKCARD  0510 IU HEALTH ENTRIPAY                          
XXX-XXX-3258 IN XXXXX0661XXXXX
XXXXX5249 ",,,Healthcare/Medical,,,0,0,-111.74
05/11/2026,05/11/2026,ADV PLUS BANKING - 6966,Bank of America,Funds Paid,,,"CUB RUN MARKET  05/09 #XXXXX7301 PURCHASE                   
CUB RUN MARKET     CUB RUN    
   KY ",,,Groceries,,,0,0,-20
05/11/2026,05/11/2026,ADV PLUS BANKING - 6966,Bank of America,Funds Paid,,,"CHECKCARD  0509 Walmart.com                                 
Bentonville  AR",,,General Merchandise,,,0,0,-2.09
05/11/2026,05/11/2026,ADV PLUS BANKING - 6966,Bank of America,Funds Paid,,,"CHECKCARD  0509 WALMART.COM 80                              
BENTONVILLE  AR",,,General Merchandise,,,0,0,-5.3
05/11/2026,05/11/2026,ADV PLUS BANKING - 6966,Bank of America,Funds Paid,,,"CHECKCARD  0508 Walmart.com                                 
Bentonville  AR",,,General Merchandise,,,0,0,-2.61
05/11/2026,05/11/2026,ADV PLUS BANKING - 6966,Bank of America,Funds Paid,,,"CHECKCARD  0508 Walmart.com                                 
Bentonville  AR",,,General Merchandise,,,0,0,-8.3
05/11/2026,05/11/2026,ADV PLUS BANKING - 6966,Bank of America,Funds Paid,,,"CHECKCARD  0508 Walmart.com                                 
Bentonville  AR",,,General Merchandise,,,0,0,-201.39
05/11/2026,05/11/2026,ADV PLUS BANKING - 6966,Bank of America,Funds Paid,,,"CHECKCARD  0508 PAPAS GRILL                                 
COLUMBUS     IN XXXXX0061XXXXX
XXXXX2495 ",,,Restaurants/Dining,,,0,0,-41.1
05/11/2026,05/11/2026,ADV PLUS BANKING - 6966,Bank of America,Funds Paid,,,"CHECKCARD  0508 WALGREENS #XXXX                             
XXX-XXX-5823 AZ XXXXX0061XXXXX
XXXXX4659 ",,,Healthcare/Medical,,,0,0,-37.99
05/11/2026,05/11/2026,ADV PLUS BANKING - 6966,Bank of America,Funds Paid,,,"PURCHASE   0508 AMAZON MKTPL*BV13M3DD1                      
Amzn.com/billWA XXXXX1661XXXXX
XXXXX7666 ",,,General Merchandise,,,0,0,-40.26
05/11/2026,05/11/2026,ADV PLUS BANKING - 6966,Bank of America,Funds Paid,,,"PURCHASE   0508 Amazon.com*BV4P38621                        
Amzn.com/billWA XXXXX1661XXXXX
XXXXX5620 ",,,General Merchandise,,,0,0,-30.71
05/11/2026,05/11/2026,Regular Savings - 2603,Bank of America,DEP,,,KEEPTHECHANGE CREDIT FROM ACCT6966 EFFECTIVE 05/08,,,Savings,,,0,0,4.3
05/08/2026,05/08/2026,ADV PLUS BANKING - 6966,Bank of America,Withdrawal,,,KEEP THE CHANGE TRANSFER TO ACCT 2603 FOR 05/08/26,,,Savings,,,0,0,-4.3
05/08/2026,05/08/2026,ADV PLUS BANKING - 6966,Bank of America,Funds Paid,,,"LIBERTY MUTUAL   DES:INS PREM   ID:XXXXX769297              
 INDN:JOHN P VOSKUIL          
CO ID:XXXXX72828 PPD ",,,Insurance,,,0,0,-179.64
05/08/2026,05/08/2026,ADV PLUS BANKING - 6966,Bank of America,Funds Paid,,,"COLUMBUS FOOD   05/08 #XXXXX9575 MOBILE PURCHASE            
COLUMBUS FOOD M    COLUMBUS   
   IN ",,,Groceries,,,0,0,-6.39
05/08/2026,05/08/2026,ADV PLUS BANKING - 6966,Bank of America,Funds Paid,,,"WHOLEFDS MKS#1  05/08 #XXXXX5335 MOBILE PURCHASE            
WHOLEFDS MKS#105   INDIANAPOLI
S  IN ",,,Groceries,,,0,0,-25.44
05/08/2026,05/08/2026,ADV PLUS BANKING - 6966,Bank of America,Funds Paid,,,"NEEDLER'S FRES  05/08 #XXXXX2460 MOBILE PURCHASE            
NEEDLER'S FRESH    INDIANAPOLI
S  IN ",,,Groceries,,,0,0,-20.33
05/08/2026,05/08/2026,ADV PLUS BANKING - 6966,Bank of America,Funds Paid,,,"NEEDLER'S FRES  05/08 #XXXXX9821 MOBILE PURCHASE            
NEEDLER'S FRESH    INDIANAPOLI
S  IN ",,,Groceries,,,0,0,-3.5
05/08/2026,05/08/2026,ADV PLUS BANKING - 6966,Bank of America,Funds Paid,,,"CHECKCARD  0507 WAL-MART #0445                              
LEITCHFIELD  KY XXXXX0161XXXXX
XXXXX8603 ",,,General Merchandise,,,0,0,-52.36
05/08/2026,05/08/2026,ADV PLUS BANKING - 6966,Bank of America,Funds Paid,,,"PURCHASE   0507 MICHAELWGREENSUBSTACK                       
MICHAELWGREENCA XXXXX3461XXXXX
XXXXX2101 ",,,Other Expenses,,,0,0,-10
05/08/2026,05/08/2026,ADV PLUS BANKING - 6966,Bank of America,Funds Paid,,,"CHECKCARD  0508 PIERCEPRIME                                 
XXX-XX24680  IN XXXXX0761XXXXX
XXXXX1210 ",,,Credit Card Payments,,,0,0,-96.3
05/08/2026,05/08/2026,ADV PLUS BANKING - 6966,Bank of America,Funds Paid,,,"CHECKCARD  0506 TST*IMPELLIZZERIS PIZZA                     
ElizabethtownKY XXXXX1661XXXXX
XXXXX1788 ",,,Restaurants/Dining,,,0,0,-50.38
05/08/2026,05/08/2026,ADV PLUS BANKING - 6966,Bank of America,Funds Paid,,,"PURCHASE   0507 CS *TEXASROADHOUSE GC                       
XXX-XXX-8451 ME XXXXX1661XXXXX
XXXXX0770 ",,,Restaurants/Dining,,,0,0,-100
05/08/2026,05/08/2026,Regular Savings - 2603,Bank of America,DEP,,,KEEPTHECHANGE CREDIT FROM ACCT6966 EFFECTIVE 05/07,,,Savings,,,0,0,2.24
05/08/2026,05/08/2026,Portfolio Management - 0827,Morgan Stanley,Qualified Dividend,,,MASTERCARD INC CL A,MA,57636Q104,Investment Income,,,0,0,24.36
05/08/2026,05/08/2026,Portfolio Management IRA - 7854,Morgan Stanley,Qualified Dividend,,,MASTERCARD INC CL A,MA,57636Q104,Investment Income,,,0,0,41.76
05/08/2026,05/08/2026,Portfolio Management IRA - 7852,Morgan Stanley,Qualified Dividend,,,MASTERCARD INC CL A,MA,57636Q104,Investment Income,,,0,0,0.87
05/08/2026,05/08/2026,Portfolio Management IRA - 7350,Morgan Stanley,Qualified Dividend,,,MASTERCARD INC CL A,MA,57636Q104,Investment Income,,,0,0,5.22
05/07/2026,05/07/2026,ADV PLUS BANKING - 6966,Bank of America,Withdrawal,,,KEEP THE CHANGE TRANSFER TO ACCT 2603 FOR 05/07/26,,,Savings,,,0,0,-2.24
05/07/2026,05/07/2026,ADV PLUS BANKING - 6966,Bank of America,Funds Paid,,,"LIBERTY MUTUAL   DES:PAYMENT    ID:H6XXXXXX818940           
 INDN:VOSKUIL JEANNE E        
CO ID:XXXXX21101 PPD ",,,Insurance,,,0,0,-180.17
05/07/2026,05/07/2026,ADV PLUS BANKING - 6966,Bank of America,Funds Paid,,,"LIBERTY MUTUAL   DES:PAYMENT    ID:AOSXXXXX820040           
 INDN:VOSKUIL MATTEW          
CO ID:XXXXX21101 PPD ",,,Insurance,,,0,0,-220.58
05/07/2026,05/07/2026,ADV PLUS BANKING - 6966,Bank of America,Funds Paid,,,"LIBERTY MUTUAL   DES:PAYMENT    ID:AOVXXXXX425390           
 INDN:VOSKUIL JEANNE E        
CO ID:XXXXX21101 PPD ",,,Insurance,,,0,0,-442.8
05/07/2026,05/07/2026,ADV PLUS BANKING - 6966,Bank of America,Funds Paid,,,"MOBILE PURCHASE 0507  MURPHY6922ATWA                        
LEITCHFIELD  KY",,,Gasoline/Fuel,,,0,0,-54.88
05/07/2026,05/07/2026,ADV PLUS BANKING - 6966,Bank of America,Funds Paid,,,"CHECKCARD  0506 DAIRY QUEEN #X0744 OLO                      
olo.com      KY XXXXX4161XXXXX
XXXXX9166 ",,,Restaurants/Dining,,,0,0,-5.28
05/07/2026,05/07/2026,ADV PLUS BANKING - 6966,Bank of America,Funds Paid,,,"CHECKCARD  0507 ALLERGAN GIFT CARDS                         
XXX-XXX-1572 CA XXXXX1661XXXXX
XXXXX4867 ",,,Gifts,,,0,0,-100
05/07/2026,05/07/2026,ADV PLUS BANKING - 6966,Bank of America,Funds Paid,,,"PURCHASE   0507 AMAZON MKTPL*BF68J3EH2                      
Amzn.com/billWA XXXXX1661XXXXX
XXXXX3762 ",,,General Merchandise,,,0,0,-13.73
05/07/2026,05/07/2026,ADV PLUS BANKING - 6966,Bank of America,Funds Paid,,,"PURCHASE   0506 Amazon.com*BF9Y39JO2                        
Amzn.com/billWA XXXXX1661XXXXX
XXXXX1776 ",,,General Merchandise,,,0,0,-85.18
05/07/2026,05/07/2026,ADV PLUS BANKING - 6966,Bank of America,Funds Paid,,,"PURCHASE   0506 AMAZON MKTPL*BV5I58AK1                      
Amzn.com/billWA XXXXX1661XXXXX
XXXXX6700 ",,,General Merchandise,,,0,0,-54.69
05/07/2026,05/07/2026,ADV PLUS BANKING - 6966,Bank of America,DEP,,,"VENMO            DES:CASHOUT    ID:XXXXX12520700            
 INDN:JOHN VOSKUIL            
CO ID:XXXXX81992 PPD ",,,Transfers,,,0,0,100
05/07/2026,05/07/2026,Regular Savings - 2603,Bank of America,DEP,,,KEEPTHECHANGE CREDIT FROM ACCT6966 EFFECTIVE 05/06,,,Savings,,,0,0,2.76
05/07/2026,05/07/2026,Portfolio Management IRA - 7350,Morgan Stanley,Service Fee,,,"ADV FEE 05/01-05/31
IRA/653",,,Service Charges/Fees,,,0,0,-306.33
05/07/2026,05/07/2026,Portfolio Management IRA - 7852,Morgan Stanley,Service Fee,,,"ADV FEE 05/01-05/31
IRA/653",,,Service Charges/Fees,,,0,0,-33.11
05/07/2026,05/07/2026,Portfolio Management IRA - 7854,Morgan Stanley,Service Fee,,,"ADV FEE 05/01-05/31
IRA/653",,,Service Charges/Fees,,,0,0,-2284.33
05/07/2026,05/07/2026,Portfolio Management - 0827,Morgan Stanley,Service Fee,,,ADV FEE 05/01-05/31,,,Service Charges/Fees,,,0,0,-925.47
05/06/2026,05/06/2026,ADV PLUS BANKING - 6966,Bank of America,Withdrawal,,,KEEP THE CHANGE TRANSFER TO ACCT 2603 FOR 05/06/26,,,Savings,,,0,0,-2.76
05/06/2026,05/06/2026,ADV PLUS BANKING - 6966,Bank of America,Funds Paid,,,"CAPITAL ONE      DES:ONLINE PMT ID:CA0AXXXXX9952E1          
 INDN:Jeanne E Voskuil        
CO ID:XXXXX44391 WEB ",,,Credit Card Payments,,,0,0,-199.9
05/06/2026,05/06/2026,ADV PLUS BANKING - 6966,Bank of America,Funds Paid,,,"PURCHASE   0505 AMAZON MKTPL*BV4EL1NZ1                      
Amzn.com/billWA XXXXX1661XXXXX
XXXXX4896 ",,,General Merchandise,,,0,0,-21.19
05/06/2026,05/06/2026,ADV PLUS BANKING - 6966,Bank of America,Funds Paid,,,"PURCHASE   0505 AMAZON MKTPL*BJ3CE8B40                      
Amzn.com/billWA XXXXX1661XXXXX
XXXXX2438 ",,,General Merchandise,,,0,0,-22.72
05/06/2026,05/06/2026,ADV PLUS BANKING - 6966,Bank of America,Funds Paid,,,"PURCHASE   0505 AMAZON MKTPL*BV9ZO9N71                      
Amzn.com/billWA XXXXX1661XXXXX
XXXXX4096 ",,,General Merchandise,,,0,0,-24.01
05/06/2026,05/06/2026,ADV PLUS BANKING - 6966,Bank of America,Funds Paid,,,"CHECKCARD  0505 GSM LLC                                     
XXX-XXX-8490 TX XXXXX2261XXXXX
XXXXX7667 ",,,Other Expenses,,,0,0,-20
05/06/2026,05/06/2026,ADV PLUS BANKING - 6966,Bank of America,Funds Paid,,,"PURCHASE   0505 AMAZON MKTPL*BV5WS5L01                      
Amzn.com/billWA XXXXX1661XXXXX
XXXXX7492 ",,,General Merchandise,,,0,0,-94.32
05/06/2026,05/06/2026,Regular Savings - 2603,Bank of America,DEP,,,KEEPTHECHANGE CREDIT FROM ACCT6966 EFFECTIVE 05/05,,,Savings,,,0,0,0.65
05/06/2026,05/06/2026,Portfolio Management - 0827,Morgan Stanley,Qualified Dividend,,,LOWES COMPANIES INC,LOW,548661107,Investment Income,,,0,0,52.8
05/06/2026,05/06/2026,Portfolio Management IRA - 7854,Morgan Stanley,Qualified Dividend,,,LOWES COMPANIES INC,LOW,548661107,Investment Income,,,0,0,141.6
05/06/2026,05/06/2026,Portfolio Management IRA - 7852,Morgan Stanley,Qualified Dividend,,,LOWES COMPANIES INC,LOW,548661107,Investment Income,,,0,0,2.4
05/06/2026,05/06/2026,Portfolio Management IRA - 7350,Morgan Stanley,Qualified Dividend,,,LOWES COMPANIES INC,LOW,548661107,Investment Income,,,0,0,16.8
05/06/2026,05/06/2026,Portfolio Management IRA - 7854,Morgan Stanley,Dividend,,,STATE STREET DOUBLELINE TOTAL,TOTL,78467V848,Investment Income,,,0,0,115.03
05/06/2026,05/06/2026,Portfolio Management IRA - 7350,Morgan Stanley,Dividend,,,STATE STREET DOUBLELINE TOTAL,TOTL,78467V848,Investment Income,,,0,0,8.5
05/05/2026,05/05/2026,ADV PLUS BANKING - 6966,Bank of America,Withdrawal,,,KEEP THE CHANGE TRANSFER TO ACCT 2603 FOR 05/05/26,,,Savings,,,0,0,-0.65
05/05/2026,05/05/2026,ADV PLUS BANKING - 6966,Bank of America,Funds Paid,,,"MARATHON X0816  05/05 #XXXXX8900 MOBILE PURCHASE            
MARATHON XX8167    CLARKSON   
   KY ",,,Gasoline/Fuel,,,0,0,-6.35
05/05/2026,05/05/2026,ADV PLUS BANKING - 6966,Bank of America,Funds Paid,,,"PMNT SENT  0505 BANK OF AMERIC                              
800.432.1000 NC",,,Online Services,,,0,0,-100
05/05/2026,05/05/2026,ADV PLUS BANKING - 6966,Bank of America,DEP,,,"Agent Assisted transfer from SAV 1338                       
Confirmation# 5q29u7i7r",,,Transfers,,,0,0,0.01
05/05/2026,05/05/2026,ADV PLUS BANKING - 6966,Bank of America,DEP,,,"Online Banking transfer from SAV 1338                       
Confirmation# XXXXX89083",,,Transfers,,,0,0,527.03
05/05/2026,05/05/2026,Regular Savings - 2603,Bank of America,DEP,,,KEEPTHECHANGE CREDIT FROM ACCT6966 EFFECTIVE 05/04,,,Savings,,,0,0,3.03
05/05/2026,05/05/2026,Portfolio Management - 0827,Morgan Stanley,Sold,,,WALMART INC,WMT,931142103,,,,6,131.115,786.67
05/05/2026,05/05/2026,Portfolio Management - 0827,Morgan Stanley,Qualified Dividend,,,PNC FINL SVCS GP,PNC,693475105,Investment Income,,,0,0,156.4
05/05/2026,05/05/2026,Portfolio Management - 0827,Morgan Stanley,Sold,,,PNC FINL SVCS GP,PNC,693475105,,,,1,222.175,222.17
05/05/2026,05/05/2026,Portfolio Management - 0827,Morgan Stanley,Sold,,,"MICROSOFT CORP
VSP BY DATE 20200318",MSFT,594918104,,,,2,410.865,821.71
05/05/2026,05/05/2026,Portfolio Management - 0827,Morgan Stanley,Sold,,,COCA COLA CO,KO,191216100,,,,2,78.6951,157.38
05/05/2026,05/05/2026,Portfolio Management - 0827,Morgan Stanley,Sold,,,APPLE INC,AAPL,037833100,,,,2,283.6141,567.21
05/05/2026,05/05/2026,Portfolio Management - 0827,Morgan Stanley,Sold,,,"CALAMOS MARKET NEUTRAL INC I
CONFIRM NBR",CMNIX,128119880,,,,48.281,16.01,772.98
05/05/2026,05/05/2026,Portfolio Management - 0827,Morgan Stanley,Sold,,,REDDIT INC CL A,RDDT,75734B100,,,,1,168.91,168.9
05/05/2026,05/05/2026,Portfolio Management - 0827,Morgan Stanley,Sold,,,WILLSCOT HLDGS CORP CL A,WSC,971378104,,,,7,22.7242,159.06
05/05/2026,05/05/2026,Portfolio Management - 0827,Morgan Stanley,Sold,,,"ISHARES INC MSCI JAPAN ETF
VSP BY DATE 20190311",EWJ,46434G822,,,,9,89.235,803.1
05/05/2026,05/05/2026,Portfolio Management - 0827,Morgan Stanley,Sold,,,UBER TECHNOLOGIES INC,UBER,90353T100,,,,3,74.1301,222.38
05/05/2026,05/05/2026,Portfolio Management - 0827,Morgan Stanley,Sold,,,US FOODS HOLDING CORP,USFD,912008109,,,,1,92.3001,92.29
05/05/2026,05/05/2026,Portfolio Management - 0827,Morgan Stanley,Sold,,,"ALPHABET INC CL A
VSP BY DATE 20220906",GOOGL,02079K305,,,,3,386.3614,1159.05
05/05/2026,05/05/2026,Portfolio Management - 0827,Morgan Stanley,Sold,,,ABBVIE INC COM,ABBV,00287Y109,,,,1,206.935,206.93
05/05/2026,05/05/2026,Portfolio Management - 0827,Morgan Stanley,Sold,,,"GUGGENHEIM TOTAL RETURN BD I
CONFIRM NBR",GIBIX,40168W525,,,,26.934,23.81,641.31
05/05/2026,05/05/2026,Portfolio Management - 0827,Morgan Stanley,Qualified Dividend,,,ASML HOLDING NV NY REG NEW,ASML,N07059210,Investment Income,,,0,0,32.32
05/05/2026,05/05/2026,Portfolio Management IRA - 7854,Morgan Stanley,Qualified Dividend,,,ASML HOLDING NV NY REG NEW,ASML,N07059210,Investment Income,,,0,0,91.57
05/05/2026,05/05/2026,Portfolio Management IRA - 7852,Morgan Stanley,Qualified Dividend,,,ASML HOLDING NV NY REG NEW,ASML,N07059210,Investment Income,,,0,0,2.69
05/05/2026,05/05/2026,Portfolio Management IRA - 7350,Morgan Stanley,Qualified Dividend,,,ASML HOLDING NV NY REG NEW,ASML,N07059210,Investment Income,,,0,0,16.16
05/05/2026,05/05/2026,Portfolio Management - 0827,Morgan Stanley,Dividend,,,"ASML HOLDING NV NY REG NEW
ADJ GROSS DIV AMOUNT      5.70
FOREIGN TAX PAID IS       5.70",ASML,N07059210,Investment Income,,,0,0,0
05/05/2026,05/05/2026,Portfolio Management IRA - 7854,Morgan Stanley,Dividend,,,"ASML HOLDING NV NY REG NEW
ADJ GROSS DIV AMOUNT     16.16
FOREIGN TAX PAID IS      16.16",ASML,N07059210,Investment Income,,,0,0,0
05/05/2026,05/05/2026,Portfolio Management IRA - 7852,Morgan Stanley,Dividend,,,"ASML HOLDING NV NY REG NEW
ADJ GROSS DIV AMOUNT      0.48
FOREIGN TAX PAID IS       0.48",ASML,N07059210,Investment Income,,,0,0,0
05/05/2026,05/05/2026,Portfolio Management IRA - 7350,Morgan Stanley,Dividend,,,"ASML HOLDING NV NY REG NEW
ADJ GROSS DIV AMOUNT      2.85
FOREIGN TAX PAID IS       2.85",ASML,N07059210,Investment Income,,,0,0,0
05/05/2026,05/05/2026,Portfolio Management - 0827,Morgan Stanley,Sold,,,VANGUARD FTSE EMERGING MARKETS,VWO,922042858,,,,2,59.445,118.88
05/05/2026,05/05/2026,Portfolio Management - 0827,Morgan Stanley,Sold,,,ISHARES RUSSELL MIDCAP V ETF,IWS,464287473,,,,3,157.7698,473.3
05/05/2026,05/05/2026,Portfolio Management - 0827,Morgan Stanley,Sold,,,ISHARES RUSSELL MIDCAP G ETF,IWP,464287481,,,,2,137.565,275.12
05/05/2026,05/05/2026,Portfolio Management - 0827,Morgan Stanley,Sold,,,ISHARES RUSSELL MID-CAP ETF,IWR,464287499,,,,3,105.1101,315.32
05/05/2026,05/05/2026,Portfolio Management - 0827,Morgan Stanley,Sold,,,NEXTERA ENERGY INC,NEE,65339F101,,,,2,96.875,193.74
05/05/2026,05/05/2026,Portfolio Management - 0827,Morgan Stanley,Sold,,,EXXON MOBIL CORP,XOM,30231G102,,,,2,154.7601,309.51
05/05/2026,05/05/2026,Portfolio Management - 0827,Morgan Stanley,Sold,,,NVIDIA CORPORATION,NVDA,67066G104,,,,7,197.55,1382.82
05/05/2026,05/05/2026,Portfolio Management - 0827,Morgan Stanley,Sold,,,"AMAZON COM INC
VSP BY DATE 20200318",AMZN,023135106,,,,3,273.9501,821.83
05/05/2026,05/05/2026,Portfolio Management - 0827,Morgan Stanley,Sold,,,BOSTON SCIENTIFIC CORP,BSX,101137107,,,,1,55.945,55.94
05/05/2026,05/05/2026,Portfolio Management - 0827,Morgan Stanley,Sold,,,ISHARES MSCI EMU ETF,EZU,464286608,,,,9,66.645,599.79
05/04/2026,05/04/2026,Advantage Savings - 1338,Bank of America,Withdrawal,,,"Online Banking transfer to CHK 6966                         
Confirmation# XXXXX87753",,,Transfers,,,0,0,-129
05/04/2026,05/04/2026,Advantage Savings - 1338,Bank of America,Withdrawal,,,"Online Banking transfer to CHK 6966                         
Confirmation# XXXXX96433",,,Transfers,,,0,0,-96
05/04/2026,05/04/2026,ADV PLUS BANKING - 6966,Bank of America,Withdrawal,,,KEEP THE CHANGE TRANSFER TO ACCT 2603 FOR 05/04/26,,,Savings,,,0,0,-3.03
05/04/2026,05/04/2026,ADV PLUS BANKING - 6966,Bank of America,Funds Paid,,,"INVOICE CLOUD    DES:EPAYMENT   ID:2536636                  
 INDN:JEANNE ELIZABETH *VOSK  
CO ID:XXXXX63576 TEL ",,,Online Services,,,0,0,-0.95
05/04/2026,05/04/2026,ADV PLUS BANKING - 6966,Bank of America,Funds Paid,,,"PAYPAL           DES:PURCHASE   ID:QUICKEN INC              
 INDN:JEANNE VOSKUIL          
CO ID:PAYPALSI77 WEB ",,,Online Services,,,0,0,-57.65
05/04/2026,05/04/2026,ADV PLUS BANKING - 6966,Bank of America,Funds Paid,,,"MARION COUNTY    DES:TAX        ID:2536630                  
 INDN:JEANNE ELIZABETH *VOSK  
CO ID:XXXXX63576 TEL ",,,Taxes,,,0,0,-5937.94
05/04/2026,05/04/2026,ADV PLUS BANKING - 6966,Bank of America,Funds Paid,,,"CHECKCARD  0504 WM SUPERCENTER                              
LEITCHFIELD  KY",,,General Merchandise,,,0,0,-20.15
05/04/2026,05/04/2026,ADV PLUS BANKING - 6966,Bank of America,Funds Paid,,,"CHECKCARD  0504 WM SUPERCENTER                              
LEITCHFIELD  KY",,,General Merchandise,,,0,0,-118.81
05/04/2026,05/04/2026,ADV PLUS BANKING - 6966,Bank of America,Funds Paid,,,"DOLLAR GENERAL  05/03 #XXXXX0769 MOBILE PURCHASE            
DG XXXXX13586 PEO  CLARKSON   
   KY ",,,General Merchandise,,,0,0,-4.5
05/04/2026,05/04/2026,ADV PLUS BANKING - 6966,Bank of America,Funds Paid,,,"DOLLAR GENERAL  05/03 #XXXXX0768 MOBILE PURCHASE            
DG XXXXX13586 PEO  CLARKSON   
   KY ",,,General Merchandise,,,0,0,-23.63
05/04/2026,05/04/2026,ADV PLUS BANKING - 6966,Bank of America,Funds Paid,,,"CHECKCARD  0502 TU SMARTMOVE                                
XXX-XXX-0961 CO XXXXX1661XXXXX
XXXXX5041 ",,,Online Services,,,0,0,-48
05/04/2026,05/04/2026,ADV PLUS BANKING - 6966,Bank of America,Funds Paid,,,"MOBILE PURCHASE 0502  DETWEILER'S COUNTRY STO               
CUB RUN      KY XXXXX7761XXXXX
XXXXX0288 ",,,Restaurants/Dining,,,0,0,-26.89
05/04/2026,05/04/2026,ADV PLUS BANKING - 6966,Bank of America,Funds Paid,,,"CHECKCARD  0501 TST* BUOY'S BA                              
CLARKSON     KY",,,Restaurants/Dining,,,0,0,-52.61
05/04/2026,05/04/2026,ADV PLUS BANKING - 6966,Bank of America,Funds Paid,,,"CHECKCARD  0502 TU SMARTMOVE                                
XXX-XXX-0961 CO XXXXX1661XXXXX
XXXXX6454 ",,,Online Services,,,0,0,-48
05/04/2026,05/04/2026,ADV PLUS BANKING - 6966,Bank of America,Funds Paid,,,"CHECKCARD  0501 INDIANA SECRETARY OF ST                     
XXX-XXX-9768 IN XXXXX4661XXXXX
XXXXX3298 ",,,Online Services,,,0,0,-95
05/04/2026,05/04/2026,ADV PLUS BANKING - 6966,Bank of America,Service Fee,,,"CHECKCARD  0501 IN BIZ CONV. FEE                            
XXX-XXX-6367 TN XXXXX4661XXXXX
XXXXX4263 ",,,Service Charges/Fees,,,0,0,-1.43
05/04/2026,05/04/2026,ADV PLUS BANKING - 6966,Bank of America,Funds Paid,,,"CHECKCARD  0501 INCORP SERVICES INC                         
XXX-XX62689  NV XXXXX8261XXXXX
XXXXX5264 ",,,Other Expenses,,,0,0,-129
05/04/2026,05/04/2026,ADV PLUS BANKING - 6966,Bank of America,Funds Paid,,,"PURCHASE   0430 Walmart+ Member 04/26                       
XXX-XXX-6546 AR XXXXX0061XXXXX
XXXXX6988 RECURRING ",,,General Merchandise,,,0,0,-12.95
05/04/2026,05/04/2026,ADV PLUS BANKING - 6966,Bank of America,Funds Paid,,,"Temporary Credit Reversal on 05/04/26                       
Card  # XXXXXXXXXX987672  Clai
m  # XXXXX3521594 ",,,Loans,,,0,0,-9.99
05/04/2026,05/04/2026,ADV PLUS BANKING - 6966,Bank of America,DEP,,,"Online Banking transfer from SAV 1338                       
Confirmation# XXXXX96433",,,Transfers,,,0,0,96
05/04/2026,05/04/2026,ADV PLUS BANKING - 6966,Bank of America,DEP,,,"VENMO            DES:CASHOUT    ID:XXXXX16933195            
 INDN:JOHN VOSKUIL            
CO ID:XXXXX81992 PPD ",,,Transfers,,,0,0,100
05/04/2026,05/04/2026,ADV PLUS BANKING - 6966,Bank of America,DEP,,,"Online Banking transfer from SAV 1338                       
Confirmation# XXXXX87753",,,Transfers,,,0,0,129
05/04/2026,05/04/2026,Regular Savings - 2603,Bank of America,DEP,,,KEEPTHECHANGE CREDIT FROM ACCT6966 EFFECTIVE 05/01,,,Savings,,,0,0,1.71
,,,,,,,,,,,,,,,
,,,,,,,,,,,,,,,
,,,,,,,,,,,,,,,
"*Under the Bank Deposit Program, free credit balances held in an account(s) at Morgan Stanley Smith Barney LLC are automatically deposited into an interest bearing deposit account(s), at FDIC-insured banks. For more information, view the Bank Deposit Program Disclosure Statement.",,,,,,,,,,,,,,,
,,,,,,,,,,,,,,,
"Running Balance Includes Cash, MMF and Bank Deposit Balances",,,,,,,,,,,,,,,
,,,,,,,,,,,,,,,
"For Pricing information, please click here",,,,,,,,,,,,,,,
,,,,,,,,,,,,,,,
The historical activity shown was provided to Morgan Stanley by Citigroup Global Market Incorporated (CGMI). CGMI was the booking agent for this activity for former Smith Barney accounts and is solely responsible for its accuracy. It has been provided for informational purposes only. If you have questions regarding this information please contact your Financial Advisor.,,,,,,,,,,,,,,,
,,,,,,,,,,,,,,,
"Total Wealth View (asset aggregation) and Spending & Budgeting (S&B) are tools offered by Morgan Stanley and its unaffiliated service provider, Yodlee Inc.  Asset aggregation utilizes technology that retrieves information about external accounts, assets, and liabilities at or available through third party sites as authorized by you. S&B utilizes your Morgan Stanley account information (if applicable) combined with information about your non-Morgan Stanley accounts as retrieved by the Total Wealth View tool to provide calculations relating to your cash flow, expenses, and budgeting. Information provided via both tools are provided solely as a service to you and are in no way intended to be, and should not be construed as, an offer or a solicitation of an offer or a recommendation to buy, sell, or hold any security, financial product, or instrument or to open a particular account or to engage in any specific investment strategy.  Additional information about the services described are in the applicable terms of use.",,,,,,,,,,,,,,,
,,,,,,,,,,,,,,,
"If you have enrolled in Total Wealth View, ""Total Wealth"" represents the total value of your aggregated accounts and assets, minus your liabilities, held with Morgan Stanley, if applicable, and at external financial institutions. If you wish to exclude certain accounts, assets or liabilities from the calculation of your Total Wealth, you must do so manually using applicable feature of the Total Wealth View tool.",,,,,,,,,,,,,,,
,,,,,,,,,,,,,,,
"Information about External Assets Displayed on Morgan Stanley Online
Morgan Stanley Online information related to External Assets (as defined below) is provided solely as a service to you from externally integrated data sources which include, but are not limited to, the Total Wealth View tool and unaffiliated residential mortgage loan information. Morgan Stanley believes such sources to be reliable but have not independently verified, and as such, you should always consult the official statements provided by your External Asset custodian for the most accurate and up-to-date information.",,,,,,,,,,,,,,,
,,,,,,,,,,,,,,,
"For purposes of Morgan Stanley Online account displays and related website pages, unless noted otherwise, accounts, assets or liabilities indicated as ""external"" are those custodied at or held with any entity other than a Morgan Stanley affiliate (including Morgan Stanley Smith Barney LLC, Morgan Stanley & Co. LLC (MS & Co), or any Morgan Stanley banking entity) (External Assets); however, you should be aware that at this time any account held at any E*TRADE affiliate are treated as External Assets unless you have received notification that your E*TRADE Securities LLC and/or E*TRADE Capital Management LLC account(s) will be transitioning to Morgan Stanley Smith Barney LLC. In performance calculations, the inception date referenced will reflect the first date on which Morgan Stanley received account information from the custodian. If information on an External Asset cannot be reported, it may display with a ""-"" symbol, which indicates it is a null data field; however, there are no indicators for MS & Co, External Assets, and Manual Accounts if they are impacted by wash sales. Residential mortgage loans displayed on Morgan Stanley Online that are not held by Morgan Stanley Private Bank, National Association are not included in the Morgan Stanley Online Total Liabilities calculation. For some external fixed income and option holdings displayed via Total Wealth View, the quantity may not be available. Other information about External Assets displayed on Morgan Stanley Online may be disclosed to you on the screen.",,,,,,,,,,,,,,,
,,,,,,,,,,,,,,,
"Assets not custodied at Morgan Stanley Smith Barney LLC (MSSB) are not covered by SIPC protection at MSSB or by additional protection under MSSB's excess of SIPC insurance coverage. However, these assets may be subject to SIPC coverage at the entity at which they are custodied.",,,,,,,,,,,,,,,
,,,,,,,,,,,,,,,
"For all accounts, the Activity Date and the Processing Date are displayed. However, for Morgan Stanley and Co. and Externally Held accounts, only the Activity Date is available; therefore, the Processing Date listed for these accounts will be equivalent to the Activity Date. Please rely on the official account statements of your Morgan Stanley & Co. or Externally Held account for the actual Processing Date of any of these assets, and refer to the definitions section for more information on these categories.",,,,,,,,,,,,,,,
,,,,,,,,,,,,,,,
"The information provided with respect to your employee stock option plan (""ESOP"") was obtained from third party sources which Morgan Stanley believes to be reliable.  However, we make no representation or guarantee that the information is accurate or complete. There may be other requirements, details, and criteria governing your ESOP. Please refer to the documentation provided by your employer for the terms and conditions governing your ESOP.",,,,,,,,,,,,,,,
,,,,,,,,,,,,,,,
"Additional Information
The information contained on this website is designed solely for your individual use and is for informational purposes only. Your official statements and confirmations contain the most accurate and up-to-date information on your account holdings. Values shown on your official statement may differ from the values shown on this webpage due to different reporting methods, delays, market conditions and interruptions. If there are discrepancies between your official statements and this website, rely on your official account statements. Website information is subject to change and we are not obligated to notify you of these changes. Information may be condensed and is not intended as an offer or recommendation of any account type, security or investment strategy.",,,,,,,,,,,,,,,
,,,,,,,,,,,,,,,
The CashPlus Account is a brokerage account offered through Morgan Stanley Smith Barney LLC. Conditions and restrictions apply. Please refer to the CashPlus Account Disclosure Statement for further details.,,,,,,,,,,,,,,,
,,,,,,,,,,,,,,,
"Morgan Stanley Smith Barney LLC is a registered Broker/Dealer, Member SIPC, and not a bank. Where appropriate, Morgan Stanley Smith Barney LLC has entered into arrangements with banks and other third parties to assist in offering certain banking related products and services.",,,,,,,,,,,,,,,
,,,,,,,,,,,,,,,
"Investment, insurance and annuity products offered through Morgan Stanley Smith Barney LLC are: NOT FDIC INSURED | MAY LOSE VALUE | NOT BANK GUARANTEED | NOT A BANK DEPOSIT | NOT INSURED BY ANY FEDERAL GOVERNMENT AGENCY",,,,,,,,,,,,,,,
